title,price,rating,availability
A Light in the Attic,£51.77,Three,YES
Tipping the Velvet,£53.74,One,YES
Soumission,£50.10,One,YES
Sharp Objects,£47.82,Four,YES
Sapiens: A Brief History of Humankind,£54.23,Five,YES
The Requiem Red,£22.65,One,YES
The Dirty Little Secrets of Getting Your Dream Job,£33.34,Four,YES
"The Coming Woman: A Novel Based on the Life of the Infamous Feminist, Victoria Woodhull",£17.93,Three,YES
The Boys in the Boat: Nine Americans and Their Epic Quest for Gold at the 1936 Berlin Olympics,£22.60,Four,YES
The Black Maria,£52.15,One,YES
"Starving Hearts (Triangular Trade Trilogy, #1)",£13.99,Two,YES
Shakespeare's Sonnets,£20.66,Four,YES
Set Me Free,£17.46,Five,YES
Scott Pilgrim's Precious Little Life (Scott Pilgrim #1),£52.29,Five,YES
Rip it Up and Start Again,£35.02,Five,YES
"Our Band Could Be Your Life: Scenes from the American Indie Underground, 1981-1991",£57.25,Three,YES
Olio,£23.88,One,YES
Mesaerion: The Best Science Fiction Stories 1800-1849,£37.59,One,YES
Libertarianism for Beginners,£51.33,Two,YES
It's Only the Himalayas,£45.17,Two,YES
In Her Wake,£12.84,One,YES
How Music Works,£37.32,Two,YES
"Foolproof Preserving: A Guide to Small Batch Jams, Jellies, Pickles, Condiments, and More: A Foolproof Guide to Making Small Batch Jams, Jellies, Pickles, Condiments, and More",£30.52,Three,YES
Chase Me (Paris Nights #2),£25.27,Five,YES
Black Dust,£34.53,Five,YES
Birdsong: A Story in Pictures,£54.64,Three,YES
America's Cradle of Quarterbacks: Western Pennsylvania's Football Factory from Johnny Unitas to Joe Montana,£22.50,Three,YES
Aladdin and His Wonderful Lamp,£53.13,Three,YES
Worlds Elsewhere: Journeys Around Shakespeare’s Globe,£40.30,Five,YES
Wall and Piece,£44.18,Four,YES
The Four Agreements: A Practical Guide to Personal Freedom,£17.66,Five,YES
The Five Love Languages: How to Express Heartfelt Commitment to Your Mate,£31.05,Three,YES
The Elephant Tree,£23.82,Five,YES
The Bear and the Piano,£36.89,One,YES
Sophie's World,£15.94,Five,YES
Penny Maybe,£33.29,Three,YES
Maude (1883-1993):She Grew Up with the country,£18.02,Two,YES
"In a Dark, Dark Wood",£19.63,One,YES
Behind Closed Doors,£52.22,Four,YES
You can't bury them all: Poems,£33.63,Two,YES
Slow States of Collapse: Poems,£57.31,Three,YES
Reasons to Stay Alive,£26.41,Two,YES
Private Paris (Private #10),£47.61,Five,YES
#HigherSelfie: Wake Up Your Life. Free Your Soul. Find Your Tribe.,£23.11,Five,YES
Without Borders (Wanderlove #1),£45.07,Two,YES
When We Collided,£31.77,One,YES
"We Love You, Charlie Freeman",£50.27,Five,YES
Untitled Collection: Sabbath Poems 2014,£14.27,Four,YES
"Unseen City: The Majesty of Pigeons, the Discreet Charm of Snails & Other Wonders of the Urban Wilderness",£44.18,Four,YES
Unicorn Tracks,£18.78,Three,YES
"Unbound: How Eight Technologies Made Us Human, Transformed Society, and Brought Our World to the Brink",£25.52,One,YES
Tsubasa: WoRLD CHRoNiCLE 2 (Tsubasa WoRLD CHRoNiCLE #2),£16.28,One,YES
Throwing Rocks at the Google Bus: How Growth Became the Enemy of Prosperity,£31.12,Three,YES
This One Summer,£19.49,Four,YES
Thirst,£17.27,Five,YES
The Torch Is Passed: A Harding Family Story,£19.09,One,YES
The Secret of Dreadwillow Carse,£56.13,One,YES
"The Pioneer Woman Cooks: Dinnertime: Comfort Classics, Freezer Food, 16-Minute Meals, and Other Delicious Ways to Solve Supper!",£56.41,One,YES
The Past Never Ends,£56.50,Four,YES
The Natural History of Us (The Fine Art of Pretending #2),£45.22,Three,YES
The Nameless City (The Nameless City #1),£38.16,Four,YES
The Murder That Never Was (Forensic Instincts #5),£54.11,Three,YES
The Most Perfect Thing: Inside (and Outside) a Bird's Egg,£42.96,Four,YES
"The Mindfulness and Acceptance Workbook for Anxiety: A Guide to Breaking Free from Anxiety, Phobias, and Worry Using Acceptance and Commitment Therapy",£23.89,Four,YES
The Life-Changing Magic of Tidying Up: The Japanese Art of Decluttering and Organizing,£16.77,Three,YES
"The Inefficiency Assassin: Time Management Tactics for Working Smarter, Not Longer",£20.59,Five,YES
The Gutsy Girl: Escapades for Your Life of Epic Adventure,£37.13,One,YES
The Electric Pencil: Drawings from Inside State Hospital No. 3,£56.06,One,YES
The Death of Humanity: and the Case for Life,£58.11,Four,YES
"The Bulletproof Diet: Lose up to a Pound a Day, Reclaim Energy and Focus, Upgrade Your Life",£49.05,Three,YES
The Art Forger,£40.76,Three,YES
The Age of Genius: The Seventeenth Century and the Birth of the Modern Mind,£19.73,One,YES
The Activist's Tao Te Ching: Ancient Advice for a Modern Revolution,£32.24,Five,YES
Spark Joy: An Illustrated Master Class on the Art of Organizing and Tidying Up,£41.83,Four,YES
Soul Reader,£39.58,Two,YES
Security,£39.25,Two,YES
"Saga, Volume 6 (Saga (Collected Editions) #6)",£25.02,Three,YES
"Saga, Volume 5 (Saga (Collected Editions) #5)",£51.04,Two,YES
Reskilling America: Learning to Labor in the Twenty-First Century,£19.83,Two,YES
"Rat Queens, Vol. 3: Demons (Rat Queens (Collected Editions) #11-15)",£50.40,Three,YES
"Princess Jellyfish 2-in-1 Omnibus, Vol. 01 (Princess Jellyfish 2-in-1 Omnibus #1)",£13.61,Five,YES
Princess Between Worlds (Wide-Awake Princess #5),£13.34,Five,YES
"Pop Gun War, Volume 1: Gift",£18.97,One,YES
"Political Suicide: Missteps, Peccadilloes, Bad Calls, Backroom Hijinx, Sordid Pasts, Rotten Breaks, and Just Plain Dumb Mistakes in the Annals of American Politics",£36.28,Two,YES
Patience,£10.16,Three,YES
"Outcast, Vol. 1: A Darkness Surrounds Him (Outcast #1)",£15.44,Four,YES
orange: The Complete Collection 1 (orange: The Complete Collection #1),£48.41,One,YES
Online Marketing for Busy Authors: A Step-By-Step Guide,£46.35,One,YES
On a Midnight Clear,£14.07,Three,YES
Obsidian (Lux #1),£14.86,Two,YES
My Paris Kitchen: Recipes and Stories,£33.37,Two,YES
Masks and Shadows,£56.40,Two,YES
"Mama Tried: Traditional Italian Cooking for the Screwed, Crude, Vegan, and Tattooed",£14.02,Four,YES
"Lumberjanes, Vol. 2: Friendship to the Max (Lumberjanes #5-8)",£46.91,Two,YES
"Lumberjanes, Vol. 1: Beware the Kitten Holy (Lumberjanes #1-4)",£45.61,Three,YES
Lumberjanes Vol. 3: A Terrible Plan (Lumberjanes #9-12),£19.92,Two,YES
"Layered: Baking, Building, and Styling Spectacular Cakes",£40.11,One,YES
Judo: Seven Steps to Black Belt (an Introductory Guide for Beginners),£53.90,Two,YES
Join,£35.67,Five,YES
In the Country We Love: My Family Divided,£22.00,Four,YES
Immunity: How Elie Metchnikoff Changed the Course of Modern Medicine,£57.36,Five,YES
"I Hate Fairyland, Vol. 1: Madly Ever After (I Hate Fairyland (Compilations) #1-5)",£29.17,Two,YES
I am a Hero Omnibus Volume 1,£54.63,Three,YES
How to Be Miserable: 40 Strategies You Already Use,£46.03,One,YES
Her Backup Boyfriend (The Sorensen Family #1),£33.97,One,YES
"Giant Days, Vol. 2 (Giant Days #5-8)",£22.11,Two,YES
Forever and Forever: The Courtship of Henry Longfellow and Fanny Appleton,£29.69,Three,YES
First and First (Five Boroughs #3),£15.97,Four,YES
Fifty Shades Darker (Fifty Shades #2),£21.96,One,YES
Everydata: The Misinformation Hidden in the Little Data You Consume Every Day,£54.35,Two,YES
"Don't Be a Jerk: And Other Practical Advice from Dogen, Japan's Greatest Zen Master",£37.97,Two,YES
Danganronpa Volume 1,£51.99,Four,YES
Crown of Midnight (Throne of Glass #2),£43.29,Three,YES
"Codename Baboushka, Volume 1: The Conclave of Death",£36.72,Four,YES
Camp Midnight,£17.08,Four,YES
Call the Nurse: True Stories of a Country Nurse on a Scottish Isle,£29.14,Five,YES
Burning,£28.81,Three,YES
Bossypants,£49.46,Two,YES
"Bitch Planet, Vol. 1: Extraordinary Machine (Bitch Planet (Collected Editions))",£37.92,Two,YES
"Avatar: The Last Airbender: Smoke and Shadow, Part 3 (Smoke and Shadow #3)",£28.09,Two,YES
Algorithms to Live By: The Computer Science of Human Decisions,£30.81,One,YES
A World of Flavor: Your Gluten Free Passport,£42.95,One,YES
"A Piece of Sky, a Grain of Rice: A Memoir in Four Meditations",£56.76,Five,YES
A Murder in Time,£16.64,One,YES
A Flight of Arrows (The Pathfinders #2),£55.53,Five,YES
A Fierce and Subtle Poison,£28.13,Four,YES
A Court of Thorns and Roses (A Court of Thorns and Roses #1),£52.37,One,YES
(Un)Qualified: How God Uses Broken People to Do Big Things,£54.00,Five,YES
You Are What You Love: The Spiritual Power of Habit,£21.87,Four,YES
"William Shakespeare's Star Wars: Verily, A New Hope (William Shakespeare's Star Wars #4)",£43.30,Four,YES
Tuesday Nights in 1980,£21.04,Two,YES
Tracing Numbers on a Train,£41.60,Three,YES
Throne of Glass (Throne of Glass #1),£35.07,Three,YES
Thomas Jefferson and the Tripoli Pirates: The Forgotten War That Changed American History,£59.64,One,YES
Thirteen Reasons Why,£52.72,One,YES
The White Cat and the Monk: A Retelling of the Poem “Pangur Bán”,£58.08,Four,YES
The Wedding Dress,£24.12,One,YES
The Vacationers,£42.15,Four,YES
The Third Wave: An Entrepreneur’s Vision of the Future,£12.61,Five,YES
The Stranger,£17.44,Four,YES
The Shadow Hero (The Shadow Hero),£33.14,One,YES
The Secret (The Secret #1),£27.37,Four,YES
The Regional Office Is Under Attack!,£51.36,Five,YES
The Psychopath Test: A Journey Through the Madness Industry,£36.00,Two,YES
The Project,£10.65,One,YES
The Power of Now: A Guide to Spiritual Enlightenment,£43.54,Two,YES
The Omnivore's Dilemma: A Natural History of Four Meals,£38.21,Two,YES
The Nerdy Nummies Cookbook: Sweet Treats for the Geek in All of Us,£37.34,Five,YES
The Murder of Roger Ackroyd (Hercule Poirot #4),£44.10,Four,YES
The Mistake (Off-Campus #2),£43.29,Three,YES
The Matchmaker's Playbook (Wingmen Inc. #1),£55.85,One,YES
The Love and Lemons Cookbook: An Apple-to-Zucchini Celebration of Impromptu Cooking,£37.60,Two,YES
The Long Shadow of Small Ghosts: Murder and Memory in an American City,£10.97,One,YES
The Kite Runner,£41.82,Four,YES
The House by the Lake,£36.95,One,YES
The Glittering Court (The Glittering Court #1),£44.28,One,YES
The Girl on the Train,£55.02,Two,YES
The Genius of Birds,£17.24,One,YES
The Emerald Mystery,£23.15,Two,YES
The Cookies & Cups Cookbook: 125+ sweet & savory recipes reminding you to Always Eat Dessert First,£41.25,One,YES
The Bridge to Consciousness: I'm Writing the Bridge Between Science and Our Old and New Beliefs.,£32.00,Three,YES
The Artist's Way: A Spiritual Path to Higher Creativity,£38.49,Five,YES
The Art of War,£33.34,Five,YES
The Argonauts,£10.93,Two,YES
The 10% Entrepreneur: Live Your Startup Dream Without Quitting Your Day Job,£27.55,Three,YES
Suddenly in Love (Lake Haven #1),£55.99,Two,YES
Something More Than This,£16.24,Four,YES
Soft Apocalypse,£26.12,Two,YES
So You've Been Publicly Shamed,£12.23,Two,YES
Shoe Dog: A Memoir by the Creator of NIKE,£23.99,Two,YES
"Shobu Samurai, Project Aryoku (#3)",£29.06,Three,YES
Secrets and Lace (Fatal Hearts #1),£20.27,One,YES
Scarlett Epstein Hates It Here,£43.55,Five,YES
Romero and Juliet: A Tragic Tale of Love and Zombies,£36.94,One,YES
Redeeming Love,£20.47,Five,YES
Poses for Artists Volume 1 - Dynamic and Sitting Poses: An Essential Reference for Figure Drawing and the Human Form,£41.06,One,YES
Poems That Make Grown Women Cry,£14.19,Four,YES
"Nightingale, Sing",£38.28,One,YES
Night Sky with Exit Wounds,£41.05,One,YES
Mrs. Houdini,£30.25,Five,YES
Modern Romance,£28.26,Five,YES
Miss Peregrine’s Home for Peculiar Children (Miss Peregrine’s Peculiar Children #1),£10.76,One,YES
Louisa: The Extraordinary Life of Mrs. Adams,£16.85,Two,YES
Little Red,£13.47,Three,YES
Library of Souls (Miss Peregrine’s Peculiar Children #3),£48.56,Five,YES
Large Print Heart of the Pride,£19.15,Two,YES
I Had a Nice Time And Other Lies...: How to find love & sh*t like that,£57.36,Four,YES
Hollow City (Miss Peregrine’s Peculiar Children #2),£42.98,One,YES
Grumbles,£22.16,Two,YES
Full Moon over Noah’s Ark: An Odyssey to Mount Ararat and Beyond,£49.43,Four,YES
Frostbite (Vampire Academy #2),£29.99,Five,YES
Follow You Home,£21.36,One,YES
First Steps for New Christians (Print Edition),£29.00,One,YES
Finders Keepers (Bill Hodges Trilogy #2),£53.53,Five,YES
"Fables, Vol. 1: Legends in Exile (Fables #1)",£41.62,Four,YES
Eureka Trivia 6.0,£54.59,Four,YES
Drive: The Surprising Truth About What Motivates Us,£34.95,Four,YES
Done Rubbed Out (Reightman & Bailey #1),£37.72,Five,YES
Doing It Over (Most Likely To #1),£35.61,Three,YES
"Deliciously Ella Every Day: Quick and Easy Recipes for Gluten-Free Snacks, Packed Lunches, and Simple Meals",£42.16,Three,YES
Dark Notes,£19.19,Five,YES
"Daring Greatly: How the Courage to Be Vulnerable Transforms the Way We Live, Love, Parent, and Lead",£19.43,Three,YES
Close to You,£49.46,Four,YES
Chasing Heaven: What Dying Taught Me About Living,£37.80,Two,YES
Big Magic: Creative Living Beyond Fear,£30.80,Three,YES
Becoming Wise: An Inquiry into the Mystery and Art of Living,£27.43,Two,YES
Beauty Restored (Riley Family Legacy Novellas #3),£11.11,Two,YES
Batman: The Long Halloween (Batman),£36.50,Two,YES
Batman: The Dark Knight Returns (Batman),£15.38,Five,YES
Ayumi's Violin,£15.48,Two,YES
Anonymous,£46.82,Four,YES
Amy Meets the Saints and Sages,£18.46,Three,YES
Amid the Chaos,£36.58,One,YES
Amatus,£50.54,Five,YES
Agnostic: A Spirited Manifesto,£12.51,Five,YES
Zealot: The Life and Times of Jesus of Nazareth,£24.70,Three,YES
You (You #1),£43.61,Five,YES
"Wonder Woman: Earth One, Volume One (Wonder Woman: Earth One #1)",£37.34,Four,YES
Wild Swans,£14.36,Two,YES
Why the Right Went Wrong: Conservatism--From Goldwater to the Tea Party and Beyond,£52.65,Four,YES
Whole Lotta Creativity Going On: 60 Fun and Unusual Exercises to Awaken and Strengthen Your Creativity,£38.20,Four,YES
What's It Like in Space?: Stories from Astronauts Who've Been There,£19.60,Two,YES
"We Are Robin, Vol. 1: The Vigilante Business (We Are Robin #1)",£53.90,One,YES
Walt Disney's Alice in Wonderland,£12.96,Five,YES
V for Vendetta (V for Vendetta Complete),£37.10,Four,YES
Until Friday Night (The Field Party #1),£46.31,Two,YES
"Unbroken: A World War II Story of Survival, Resilience, and Redemption",£45.95,Two,YES
Twenty Yawns,£22.08,Two,YES
Through the Woods,£25.38,Two,YES
This Is Where It Ends,£27.12,Two,YES
The Year of Magical Thinking,£43.04,Two,YES
The Wright Brothers,£56.80,Four,YES
The White Queen (The Cousins' War #1),£25.91,Five,YES
The Wedding Pact (The O'Malleys #2),£32.61,Three,YES
The Time Keeper,£27.88,Five,YES
The Testament of Mary,£52.67,Four,YES
The Star-Touched Queen,£46.02,Five,YES
The Songs of the Gods,£44.48,Five,YES
The Song of Achilles,£37.40,Five,YES
The Rosie Project (Don Tillman #1),£54.04,One,YES
The Power of Habit: Why We Do What We Do in Life and Business,£16.88,Three,YES
The Marriage of Opposites,£28.08,Four,YES
The Lucifer Effect: Understanding How Good People Turn Evil,£10.40,One,YES
The Long Haul (Diary of a Wimpy Kid #9),£44.07,One,YES
The Loney,£23.40,One,YES
The Literature Book (Big Ideas Simply Explained),£17.43,Three,YES
The Last Mile (Amos Decker #2),£54.21,Two,YES
The Immortal Life of Henrietta Lacks,£40.67,Two,YES
The Hidden Oracle (The Trials of Apollo #1),£52.26,Two,YES
The Help Yourself Cookbook for Kids: 60 Easy Plant-Based Recipes Kids Can Make to Stay Healthy and Save the Earth,£28.77,Three,YES
The Guilty (Will Robie #4),£13.82,Two,YES
The First Hostage (J.B. Collins #2),£25.85,Three,YES
The Dovekeepers,£48.78,One,YES
The Darkest Lie,£35.35,Five,YES
The Bane Chronicles (The Bane Chronicles #1-11),£44.73,Four,YES
The Bad-Ass Librarians of Timbuktu: And Their Race to Save the World’s Most Precious Manuscripts,£15.77,One,YES
The 14th Colony (Cotton Malone #11),£39.24,One,YES
That Darkness (Gardiner and Renner #1),£13.92,One,YES
Tastes Like Fear (DI Marnie Rome #3),£10.69,One,YES
Take Me with You,£45.21,Three,YES
Swell: A Year of Waves,£45.58,One,YES
Superman Vol. 1: Before Truth (Superman by Gene Luen Yang #1),£11.89,Five,YES
Still Life with Bread Crumbs,£26.41,Three,YES
Steve Jobs,£39.50,Five,YES
Sorting the Beef from the Bull: The Science of Food Fraud Forensics,£44.74,Four,YES
Someone Like You (The Harrisons #2),£52.79,Five,YES
"So Cute It Hurts!!, Vol. 6 (So Cute It Hurts!! #6)",£35.43,Four,YES
Shtum,£55.84,Four,YES
See America: A Celebration of Our National Parks & Treasured Sites,£48.87,Three,YES
salt.,£46.78,Four,YES
Robin War,£47.82,Three,YES
"Red Hood/Arsenal, Vol. 1: Open for Business (Red Hood/Arsenal #1)",£25.48,Two,YES
Rain Fish,£23.57,Three,YES
"Quarter Life Poetry: Poems for the Young, Broke and Hangry",£50.89,Five,YES
Pet Sematary,£10.56,Three,YES
"Overload: How to Unplug, Unwind, and Unleash Yourself from the Pressure of Stress",£52.15,Three,YES
Once Was a Time,£18.28,Two,YES
Old School (Diary of a Wimpy Kid #10),£11.83,Five,YES
No Dream Is Too High: Life Lessons From a Man Who Walked on the Moon,£21.95,Two,YES
"Naruto (3-in-1 Edition), Vol. 14: Includes Vols. 40, 41 & 42 (Naruto: Omnibus #14)",£38.39,Two,YES
My Name Is Lucy Barton,£41.56,One,YES
My Mrs. Brown,£24.48,Three,YES
My Kind of Crazy,£40.36,One,YES
Mr. Mercedes (Bill Hodges Trilogy #1),£28.90,One,YES
More Than Music (Chasing the Dream #1),£37.61,Two,YES
Made to Stick: Why Some Ideas Survive and Others Die,£38.85,Five,YES
Luis Paints the World,£53.95,Three,YES
Luckiest Girl Alive,£49.83,Three,YES
Lowriders to the Center of the Earth (Lowriders in Space #2),£51.51,Two,YES
Love Is a Mix Tape (Music #1),£18.03,One,YES
Looking for Lovely: Collecting the Moments that Matter,£29.14,Five,YES
"Living Leadership by Insight: A Good Leader Achieves, a Great Leader Builds Monuments",£46.91,Four,YES
Let It Out: A Journey Through Journaling,£26.79,Five,YES
Lady Midnight (The Dark Artifices #1),£16.28,Five,YES
"It's All Easy: Healthy, Delicious Weeknight Meals in under 30 Minutes",£19.55,One,YES
Island of Dragons (Unwanteds #7),£29.65,One,YES
I Know What I'm Doing -- and Other Lies I Tell Myself: Dispatches from a Life Under Construction,£25.98,Four,YES
I Am Pilgrim (Pilgrim #1),£10.60,Four,YES
"Hyperbole and a Half: Unfortunate Situations, Flawed Coping Mechanisms, Mayhem, and Other Things That Happened",£14.75,Five,YES
"Hush, Hush (Hush, Hush #1)",£47.02,Three,YES
Hold Your Breath (Search and Rescue #1),£28.82,One,YES
Hamilton: The Revolution,£58.79,Three,YES
Greek Mythic History,£10.23,Five,YES
God: The Most Unpleasant Character in All Fiction,£30.03,Five,YES
Glory over Everything: Beyond The Kitchen House,£45.84,Three,YES
Feathers: Displays of Brilliant Plumage,£49.05,Three,YES
"Far & Away: Places on the Brink of Change: Seven Continents, Twenty-Five Years",£15.06,Four,YES
Every Last Word,£46.47,Three,YES
Eligible (The Austen Project #4),£27.09,Three,YES
El Deafo,£57.62,Five,YES
Eight Hundred Grapes,£14.39,Four,YES
"Eaternity: More than 150 Deliciously Easy Vegan Recipes for a Long, Healthy, Satisfied, Joyful Life",£51.75,Five,YES
"Eat Fat, Get Thin",£54.07,Two,YES
Don't Get Caught,£55.35,One,YES
Doctor Sleep (The Shining #2),£40.12,Two,YES
Demigods & Magicians: Percy and Annabeth Meet the Kanes (Percy Jackson & Kane Chronicles Crossover #1-3),£37.51,Five,YES
Dear Mr. Knightley,£11.21,Five,YES
Daily Fantasy Sports,£36.58,One,YES
Crazy Love: Overwhelmed by a Relentless God,£47.72,Two,YES
Cometh the Hour (The Clifton Chronicles #6),£25.01,Three,YES
Code Name Verity (Code Name Verity #1),£22.13,Four,YES
Clockwork Angel (The Infernal Devices #1),£44.14,One,YES
City of Glass (The Mortal Instruments #3),£56.02,Four,YES
City of Fallen Angels (The Mortal Instruments #4),£11.23,Four,YES
City of Bones (The Mortal Instruments #1),£43.28,One,YES
City of Ashes (The Mortal Instruments #2),£47.27,One,YES
Cell,£20.29,Four,YES
Catching Jordan (Hundred Oaks),£50.83,Three,YES
"Carry On, Warrior: Thoughts on Life Unarmed",£31.85,Three,YES
Carrie,£46.23,Two,YES
Buying In: The Secret Dialogue Between What We Buy and Who We Are,£37.80,Four,YES
Brain on Fire: My Month of Madness,£49.32,Five,YES
Batman: Europa,£32.01,Two,YES
Barefoot Contessa Back to Basics,£28.01,One,YES
Barefoot Contessa at Home: Everyday Recipes You'll Make Over and Over Again,£50.62,Five,YES
Balloon Animals,£17.03,Three,YES
Art Ops Vol. 1,£48.80,Three,YES
Aristotle and Dante Discover the Secrets of the Universe (Aristotle and Dante Discover the Secrets of the Universe #1),£58.14,Four,YES
Angels Walking (Angels Walking #1),£34.20,Two,YES
Angels & Demons (Robert Langdon #1),£51.48,Three,YES
All the Light We Cannot See,£29.87,Five,YES
"Adulthood Is a Myth: A ""Sarah's Scribbles"" Collection",£10.90,Two,YES
Abstract City,£56.37,Five,YES
A Time of Torment (Charlie Parker #14),£48.35,Five,YES
A Study in Scarlet (Sherlock Holmes #1),£16.73,Two,YES
"A Series of Catastrophes and Miracles: A True Story of Love, Science, and Cancer",£56.48,Two,YES
A People's History of the United States,£40.79,Two,YES
A Man Called Ove,£39.72,One,YES
A Distant Mirror: The Calamitous 14th Century,£14.58,Three,YES
A Brush of Wings (Angels Walking #3),£55.51,One,YES
1491: New Revelations of the Americas Before Columbus,£21.80,Three,YES
"The Three Searches, Meaning, and the Story",£13.33,Three,YES
Searching for Meaning in Gailana,£38.73,One,YES
Rook,£37.86,Four,YES
My Kitchen Year: 136 Recipes That Saved My Life,£11.53,Two,YES
13 Hours: The Inside Account of What Really Happened In Benghazi,£27.06,One,YES
Will You Won't You Want Me?,£13.86,Three,YES
Tipping Point for Planet Earth: How Close Are We to the Edge?,£37.55,One,YES
The Star-Touched Queen,£32.30,Five,YES
The Silent Sister (Riley MacPherson #1),£46.29,Five,YES
The Midnight Watch: A Novel of the Titanic and the Californian,£26.20,One,YES
The Lonely City: Adventures in the Art of Being Alone,£33.26,Two,YES
The Gray Rhino: How to Recognize and Act on the Obvious Dangers We Ignore,£59.15,Four,YES
The Golden Condom: And Other Essays on Love Lost and Found,£39.43,One,YES
The Epidemic (The Program 0.6),£14.44,Five,YES
The Dinner Party,£56.54,Two,YES
The Diary of a Young Girl,£59.90,Three,YES
The Children,£11.88,Three,YES
Stars Above (The Lunar Chronicles #4.5),£48.05,Two,YES
Snatched: How A Drug Queen Went Undercover for the DEA and Was Kidnapped By Colombian Guerillas,£21.21,Three,YES
Raspberry Pi Electronics Projects for the Evil Genius,£49.67,Four,YES
Quench Your Own Thirst: Business Lessons Learned Over a Beer or Two,£43.14,One,YES
Psycho: Sanitarium (Psycho #1.5),£36.97,Five,YES
Poisonous (Max Revere Novels #3),£26.80,Three,YES
One with You (Crossfire #5),£15.71,Four,YES
No Love Allowed (Dodge Cove #1),£54.65,Four,YES
Murder at the 42nd Street Library (Raymond Ambler #1),£54.36,Four,YES
Most Wanted,£35.28,Three,YES
"Love, Lies and Spies",£20.55,Two,YES
How to Speak Golf: An Illustrated Guide to Links Lingo,£58.32,Five,YES
Hide Away (Eve Duncan #20),£11.84,One,YES
Furiously Happy: A Funny Book About Horrible Things,£41.46,Four,YES
Everyday Italian: 125 Simple and Delicious Recipes,£20.10,Five,YES
Equal Is Unfair: America's Misguided Fight Against Income Inequality,£56.86,One,YES
Eleanor & Park,£56.51,Five,YES
Dirty (Dive Bar #1),£40.83,Four,YES
Can You Keep a Secret? (Fear Street Relaunch #4),£48.64,One,YES
Boar Island (Anna Pigeon #19),£59.48,Three,YES
A Paris Apartment,£39.01,Four,YES
"A la Mode: 120 Recipes in 60 Pairings: Pies, Tarts, Cakes, Crisps, and More Topped with Ice Cream, Gelato, Frozen Custard, and More",£38.77,One,YES
Troublemaker: Surviving Hollywood and Scientology,£48.39,Two,YES
The Widow,£27.26,Two,YES
"The Sleep Revolution: Transforming Your Life, One Night at a Time",£11.68,Four,YES
The Improbability of Love,£59.45,One,YES
The Art of Startup Fundraising,£21.00,Three,YES
Take Me Home Tonight (Rock Star Romance #3),£53.98,Three,YES
Sleeping Giants (Themis Files #1),£48.74,One,YES
"Setting the World on Fire: The Brief, Astonishing Life of St. Catherine of Siena",£21.15,Two,YES
Playing with Fire,£13.71,Three,YES
Off the Hook (Fishing for Trouble #1),£47.67,Three,YES
Mothering Sunday,£13.34,Two,YES
"Mother, Can You Not?",£16.89,Five,YES
M Train,£27.18,One,YES
Lilac Girls,£17.28,Two,YES
Lies and Other Acts of Love,£45.14,One,YES
Lab Girl,£40.85,One,YES
Keep Me Posted,£20.46,Four,YES
It Didn't Start with You: How Inherited Family Trauma Shapes Who We Are and How to End the Cycle,£56.27,Three,YES
Grey (Fifty Shades #4),£48.49,Four,YES
"Exit, Pursued by a Bear",£51.34,Four,YES
Daredevils,£16.34,Three,YES
Cravings: Recipes for What You Want to Eat,£20.50,Three,YES
Born for This: How to Find the Work You Were Meant to Do,£21.59,Five,YES
Arena,£21.36,Four,YES
Adultery,£20.88,Five,YES
A Mother's Reckoning: Living in the Aftermath of Tragedy,£19.53,Three,YES
A Gentleman's Position (Society of Gentlemen #3),£14.75,Five,YES
11/22/63,£48.48,Three,YES
"10% Happier: How I Tamed the Voice in My Head, Reduced Stress Without Losing My Edge, and Found Self-Help That Actually Works",£24.57,Two,YES
10-Day Green Smoothie Cleanse: Lose Up to 15 Pounds in 10 Days!,£49.71,Five,YES
Without Shame,£48.27,Five,YES
Watchmen,£58.05,Four,YES
Unlimited Intuition Now,£58.87,Four,YES
Underlying Notes,£11.82,Two,YES
The Shack,£28.03,One,YES
The New Brand You: Your New Image Makes the Sale for You,£44.05,Five,YES
"The Moosewood Cookbook: Recipes from Moosewood Restaurant, Ithaca, New York",£12.34,Four,YES
The Flowers Lied,£16.68,Two,YES
"The Fabric of the Cosmos: Space, Time, and the Texture of Reality",£55.91,One,YES
The Book of Mormon,£24.57,Three,YES
The Art and Science of Low Carbohydrate Living,£52.98,Five,YES
The Alien Club,£54.40,One,YES
Suzie Snowflake: One beautiful flake (a self-esteem story),£54.81,Five,YES
Nap-a-Roo,£25.08,One,YES
"NaNo What Now? Finding your editing process, revising your NaNoWriMo book and building a writing career through publishing and beyond",£10.41,Four,YES
Modern Day Fables,£47.44,Two,YES
If I Gave You God's Phone Number....: Searching for Spirituality in America,£20.91,One,YES
"Fruits Basket, Vol. 9 (Fruits Basket #9)",£33.95,Four,YES
Dress Your Family in Corduroy and Denim,£43.68,Three,YES
Don't Forget Steven,£33.23,One,YES
Chernobyl 01:23:40: The Incredible True Story of the World's Worst Nuclear Disaster,£35.92,Two,YES
Art and Fear: Observations on the Perils (and Rewards) of Artmaking,£48.63,Four,YES
A Shard of Ice (The Black Symphony Saga #1),£56.63,Three,YES
A Hero's Curse (The Unseen Chronicles #1),£50.49,Three,YES
23 Degrees South: A Tropical Tale of Changing Whether...,£35.79,Two,YES
"Zero to One: Notes on Startups, or How to Build the Future",£34.06,Three,YES
Why Not Me?,£17.76,One,YES
When Breath Becomes Air,£39.36,Two,YES
Vagabonding: An Uncommon Guide to the Art of Long-Term World Travel,£36.94,Two,YES
The Unlikely Pilgrimage of Harold Fry (Harold Fry #1),£43.62,Five,YES
The New Drawing on the Right Side of the Brain,£43.02,Three,YES
"The Midnight Assassin: Panic, Scandal, and the Hunt for America's First Serial Killer",£28.45,Four,YES
The Martian (The Martian #1),£41.39,Two,YES
The High Mountains of Portugal,£51.15,One,YES
The Grownup,£35.88,One,YES
The E-Myth Revisited: Why Most Small Businesses Don't Work and What to Do About It,£36.91,One,YES
South of Sunshine,£28.93,One,YES
Smarter Faster Better: The Secrets of Being Productive in Life and Business,£38.89,Five,YES
Silence in the Dark (Logan Point #4),£58.33,Three,YES
Shadows of the Past (Logan Point #1),£39.67,Five,YES
Roller Girl,£14.10,Five,YES
Rising Strong,£21.82,Three,YES
Proofs of God: Classical Arguments from Tertullian to Barth,£54.21,One,YES
Please Kill Me: The Uncensored Oral History of Punk,£31.19,Four,YES
Out of Print: City Lights Spotlight No. 14,£53.64,Five,YES
My Life Next Door (My Life Next Door ),£36.39,Five,YES
Miller's Valley,£58.54,Two,YES
Man's Search for Meaning,£29.48,Three,YES
"Love That Boy: What Two Presidents, Eight Road Trips, and My Son Taught Me About a Parent's Expectations",£25.06,Two,YES
Living Forward: A Proven Plan to Stop Drifting and Get the Life You Want,£12.55,Three,YES
Les Fleurs du Mal,£29.04,Five,YES
Left Behind (Left Behind #1),£40.72,Two,YES
Kill 'Em and Leave: Searching for James Brown and the American Soul,£45.05,Five,YES
Kierkegaard: A Christian Missionary to Christians,£47.13,One,YES
John Vassos: Industrial Design for Modern Life,£20.22,Four,YES
I'll Give You the Sun,£56.48,One,YES
I Will Find You,£44.21,One,YES
Hystopia: A Novel,£21.96,Four,YES
Howl and Other Poems,£40.45,Two,YES
History of Beauty,£10.29,Four,YES
Heaven is for Real: A Little Boy's Astounding Story of His Trip to Heaven and Back,£52.86,Two,YES
Future Shock (Future Shock #1),£55.65,Five,YES
Ender's Game (The Ender Quintet #1),£43.64,One,YES
Diary of a Citizen Scientist: Chasing Tiger Beetles and Other New Ways of Engaging the World,£28.41,One,YES
Death by Leisure: A Cautionary Tale,£37.51,Four,YES
Brilliant Beacons: A History of the American Lighthouse,£11.45,Three,YES
Brazen: The Courage to Find the You That's Been Hiding,£19.22,Two,YES
Between the World and Me,£56.91,Four,YES
Being Mortal: Medicine and What Matters in the End,£55.06,Four,YES
"A Murder Over a Girl: Justice, Gender, Junior High",£13.20,Three,YES
32 Yolks,£53.63,Two,YES
"""Most Blessed of the Patriarchs"": Thomas Jefferson and the Empire of the Imagination",£44.48,Five,YES
You Are a Badass: How to Stop Doubting Your Greatness and Start Living an Awesome Life,£12.08,Three,YES
Wildlife of New York: A Five-Borough Coloring Book,£22.14,Two,YES
What Happened on Beale Street (Secrets of the South Mysteries #2),£25.37,Five,YES
Unreasonable Hope: Finding Faith in the God Who Brings Purpose to Your Pain,£46.33,Two,YES
Under the Tuscan Sun,£37.33,Three,YES
Toddlers Are A**holes: It's Not Your Fault,£25.55,One,YES
The Year of Living Biblically: One Man's Humble Quest to Follow the Bible as Literally as Possible,£34.72,One,YES
The Whale,£35.96,Four,YES
The Story of Art,£41.14,Four,YES
The Origin of Species,£10.01,Four,YES
The Great Gatsby,£36.05,Four,YES
The Good Girl,£49.03,Three,YES
The Glass Castle,£16.24,One,YES
The Faith of Christopher Hitchens: The Restless Soul of the World's Most Notorious Atheist,£39.55,One,YES
The Drowning Girls,£35.67,Three,YES
The Constant Princess (The Tudor Court #1),£16.62,Three,YES
The Bourne Identity (Jason Bourne #1),£42.78,Four,YES
The Bachelor Girl's Guide to Murder (Herringford and Watts Mysteries #1),£52.30,Five,YES
The Art Book,£32.34,Two,YES
The 7 Habits of Highly Effective People: Powerful Lessons in Personal Change,£33.17,Four,YES
Team of Rivals: The Political Genius of Abraham Lincoln,£20.12,Five,YES
Steal Like an Artist: 10 Things Nobody Told You About Being Creative,£20.90,Two,YES
"Sit, Stay, Love",£20.90,Three,YES
Sister Dear,£40.20,Four,YES
"Shrunken Treasures: Literary Classics, Short, Sweet, and Silly",£52.87,Three,YES
"Rich Dad, Poor Dad",£51.74,One,YES
Raymie Nightingale,£34.41,Two,YES
Playing from the Heart,£32.38,One,YES
Nightstruck: A Novel,£50.35,Four,YES
"Naturally Lean: 125 Nourishing Gluten-Free, Plant-Based Recipes--All Under 300 Calories",£11.38,Five,YES
Meternity,£43.58,Three,YES
Memoirs of a Geisha,£49.67,Three,YES
Like Never Before (Walker Family #2),£28.77,Two,YES
Life of Pi,£13.22,Four,YES
Leave This Song Behind: Teen Poetry at Its Best,£51.17,Five,YES
King's Folly (The Kinsman Chronicles #1),£39.61,Five,YES
John Adams,£57.43,Four,YES
How to Cook Everything Vegetarian: Simple Meatless Recipes for Great Food (How to Cook Everything),£46.01,Four,YES
How to Be a Domestic Goddess: Baking and the Art of Comfort Cooking,£28.25,Two,YES
Good in Bed (Cannie Shapiro #1),£37.05,Five,YES
"Fruits Basket, Vol. 7 (Fruits Basket #7)",£19.57,One,YES
For the Love: Fighting for Grace in a World of Impossible Standards,£45.13,Three,YES
Finding God in the Ruins: How God Redeems Pain,£46.64,Two,YES
Every Heart a Doorway (Every Heart A Doorway #1),£12.16,Five,YES
Delivering the Truth (Quaker Midwife Mystery #1),£20.89,Four,YES
Counted With the Stars (Out from Egypt #1),£17.97,Five,YES
"Chronicles, Vol. 1",£52.60,Two,YES
Blue Like Jazz: Nonreligious Thoughts on Christian Spirituality,£25.77,One,YES
Benjamin Franklin: An American Life,£48.19,Three,YES
"At The Existentialist Café: Freedom, Being, and apricot cocktails with: Jean-Paul Sartre, Simone de Beauvoir, Albert Camus, Martin Heidegger, Edmund Husserl, Karl Jaspers, Maurice Merleau-Ponty and others",£29.93,Five,YES
A Summer In Europe,£44.34,Two,YES
A Short History of Nearly Everything,£52.40,Five,YES
A Gathering of Shadows (Shades of Magic #2),£44.81,Four,YES
The Sound Of Love,£57.84,Five,YES
The Rise and Fall of the Third Reich: A History of Nazi Germany,£39.67,Two,YES
The Perks of Being a Wallflower,£55.02,Three,YES
The Mysterious Affair at Styles (Hercule Poirot #1),£24.80,Four,YES
The Man Who Mistook His Wife for a Hat and Other Clinical Tales,£59.45,Four,YES
The Makings of a Fatherless Child,£31.58,Two,YES
The Joy of Cooking,£43.27,Four,YES
The Invention of Wings,£37.34,One,YES
The Hobbit (Middle-Earth Universe),£17.80,Five,YES
The Great Railway Bazaar,£30.54,One,YES
The Golden Compass (His Dark Materials #1),£18.77,One,YES
The God Delusion,£46.85,Three,YES
The Girl You Left Behind (The Girl You Left Behind #1),£15.79,One,YES
The Fellowship of the Ring (The Lord of the Rings #1),£10.27,Two,YES
The Collected Poems of W.B. Yeats (The Collected Works of W.B. Yeats #1),£15.42,Five,YES
The Barefoot Contessa Cookbook,£59.92,Five,YES
Tell the Wolves I'm Home,£50.96,Two,YES
Ship Leaves Harbor: Essays on Travel by a Recovering Journeyman,£30.60,Three,YES
Pride and Prejudice,£19.27,Four,YES
Musicophilia: Tales of Music and the Brain,£46.58,One,YES
Mere Christianity,£48.51,Three,YES
Me Before You (Me Before You #1),£19.02,One,YES
In the Woods (Dublin Murder Squad #1),£38.38,Two,YES
In Cold Blood,£49.98,Four,YES
How to Stop Worrying and Start Living,£46.49,Five,YES
Give It Back,£18.32,Two,YES
"Girl, Interrupted",£42.14,Three,YES
Fun Home: A Family Tragicomic,£56.59,Four,YES
"Fruits Basket, Vol. 6 (Fruits Basket #6)",£20.96,Four,YES
Deception Point,£40.32,Four,YES
"Death Note, Vol. 6: Give-and-Take (Death Note #6)",£36.39,Three,YES
Catherine the Great: Portrait of a Woman,£58.55,Four,YES
Better Homes and Gardens New Cook Book,£39.61,Three,YES
An Unquiet Mind: A Memoir of Moods and Madness,£21.30,Three,YES
A Year in Provence (Provence #1),£56.88,Four,YES
World Without End (The Pillars of the Earth #2),£32.97,Four,YES
"Will Grayson, Will Grayson (Will Grayson, Will Grayson)",£47.31,Four,YES
Why Save the Bankers?: And Other Essays on Our Economic and Political Crisis,£48.67,Two,YES
Where She Went (If I Stay #2),£41.73,Four,YES
What If?: Serious Scientific Answers to Absurd Hypothetical Questions,£53.68,Four,YES
Two Summers,£14.64,One,YES
This Is Your Brain on Music: The Science of a Human Obsession,£38.40,One,YES
The Secret Garden,£15.08,Four,YES
The Raven King (The Raven Cycle #4),£30.57,Two,YES
The Raven Boys (The Raven Cycle #1),£57.74,Four,YES
The Power Greens Cookbook: 140 Delicious Superfood Recipes,£11.05,Five,YES
The Metamorphosis,£28.58,One,YES
The Mathews Men: Seven Brothers and the War Against Hitler's U-boats,£42.91,Five,YES
The Little Paris Bookshop,£24.73,Three,YES
The Hiding Place,£55.91,Four,YES
The Grand Design,£13.76,Three,YES
The Firm,£45.56,Three,YES
The Fault in Our Stars,£47.22,One,YES
The False Prince (The Ascendance Trilogy #1),£56.00,Five,YES
The Expatriates,£44.58,Two,YES
The Dream Thieves (The Raven Cycle #2),£34.50,One,YES
The Darkest Corners,£11.33,Five,YES
The Crossover,£38.77,Four,YES
The 5th Wave (The 5th Wave #1),£11.83,Two,YES
Tell the Wind and Fire,£45.51,Three,YES
Tell Me Three Things,£41.81,One,YES
Talking to Girls About Duran Duran: One Young Man's Quest for True Love and a Cooler Haircut,£25.15,Four,YES
Siddhartha,£34.22,Five,YES
Shiver (The Wolves of Mercy Falls #1),£16.23,Five,YES
Remember Me?,£11.48,Three,YES
Red Dragon (Hannibal Lecter #1),£23.37,Three,YES
Peak: Secrets from the New Science of Expertise,£16.28,Two,YES
My Mother Was Nuts,£31.63,Four,YES
Mexican Today: New and Rediscovered Recipes for Contemporary Kitchens,£24.91,Five,YES
Maybe Something Beautiful: How Art Transformed a Neighborhood,£22.54,One,YES
Lola and the Boy Next Door (Anna and the French Kiss #2),£23.63,Four,YES
Logan Kade (Fallen Crest High #5.5),£13.12,Two,YES
Last One Home (New Beginnings #1),£59.98,Three,YES
Killing Floor (Jack Reacher #1),£31.49,Four,YES
Kill the Boy Band,£15.52,Five,YES
Isla and the Happily Ever After (Anna and the French Kiss #3),£48.13,Five,YES
If I Stay (If I Stay #1),£38.13,Five,YES
I Know Why the Caged Bird Sings (Maya Angelou's Autobiography #1),£36.55,Two,YES
Harry Potter and the Deathly Hallows (Harry Potter #7),£23.32,One,YES
"Fruits Basket, Vol. 5 (Fruits Basket #5)",£16.33,One,YES
Foundation (Foundation (Publication Order) #1),£32.42,One,YES
Fool Me Once,£16.96,One,YES
Find Her (Detective D.D. Warren #8),£22.37,One,YES
Evicted: Poverty and Profit in the American City,£42.27,One,YES
Drama,£38.70,Two,YES
Dracula the Un-Dead,£35.63,Five,YES
Digital Fortress,£58.00,Five,YES
"Death Note, Vol. 5: Whiteout (Death Note #5)",£52.41,One,YES
"Data, A Love Story: How I Gamed Online Dating to Meet My Match",£32.35,Three,YES
Critique of Pure Reason,£20.75,One,YES
Booked,£17.49,Five,YES
"Blue Lily, Lily Blue (The Raven Cycle #3)",£34.13,Five,YES
Approval Junkie: Adventures in Caring Too Much,£58.81,Five,YES
An Abundance of Katherines,£10.00,Five,YES
America's War for the Greater Middle East: A Military History,£51.22,Two,YES
Alight (The Generations Trilogy #2),£58.59,Four,YES
A Girl's Guide to Moving On (New Beginnings #2),£31.30,One,YES
A Game of Thrones (A Song of Ice and Fire #1),£46.42,Two,YES
A Feast for Crows (A Song of Ice and Fire #4),£17.21,Four,YES
A Clash of Kings (A Song of Ice and Fire #2),£10.79,Three,YES
Vogue Colors A to Z: A Fashion Coloring Book,£52.35,Four,YES
The Shining (The Shining #1),£27.88,Three,YES
The Pilgrim's Progress,£50.26,Two,YES
The Perfect Play (Play by Play #1),£59.99,Three,YES
The Passion of Dolssa,£28.32,Five,YES
The Jazz of Physics: The Secret Link Between Music and the Structure of the Universe,£38.71,Three,YES
The Hunger Games (The Hunger Games #1),£29.85,Five,YES
The Hound of the Baskervilles (Sherlock Holmes #5),£14.82,Two,YES
The Gunning of America: Business and the Making of American Gun Culture,£16.81,Four,YES
The Geography of Bliss: One Grump's Search for the Happiest Places in the World,£28.23,Two,YES
The Demonists (Demonist #1),£52.11,Two,YES
"The Demon Prince of Momochi House, Vol. 4 (The Demon Prince of Momochi House #4)",£27.88,Two,YES
The Bone Hunters (Lexy Vaughan & Steven Macaulay #2),£59.71,Three,YES
The Beast (Black Dagger Brotherhood #14),£46.08,Five,YES
Some Women,£13.73,Five,YES
Shopaholic Ties the Knot (Shopaholic #3),£48.39,Five,YES
Paper and Fire (The Great Library #2),£49.45,Five,YES
Outlander (Outlander #1),£19.67,Five,YES
"Orchestra of Exiles: The Story of Bronislaw Huberman, the Israel Philharmonic, and the One Thousand Jews He Saved from Nazi Horrors",£12.36,Three,YES
No One Here Gets Out Alive,£20.02,Five,YES
Night Shift (Night Shift #1-20),£12.75,Four,YES
Needful Things,£47.51,Four,YES
Mockingjay (The Hunger Games #3),£20.44,Four,YES
Misery,£34.79,Two,YES
Little Women (Little Women #1),£28.07,Four,YES
It,£25.01,Three,YES
Harry Potter and the Sorcerer's Stone (Harry Potter #1),£13.90,Three,YES
Harry Potter and the Prisoner of Azkaban (Harry Potter #3),£24.17,Four,YES
Harry Potter and the Order of the Phoenix (Harry Potter #5),£31.63,Four,YES
Harry Potter and the Half-Blood Prince (Harry Potter #6),£48.75,Five,YES
Harry Potter and the Chamber of Secrets (Harry Potter #2),£14.74,One,YES
Gone with the Wind,£32.49,Three,YES
God Is Not Great: How Religion Poisons Everything,£27.80,One,YES
Girl With a Pearl Earring,£26.77,One,YES
"Fruits Basket, Vol. 4 (Fruits Basket #4)",£50.44,Four,YES
Far From True (Promise Falls Trilogy #2),£34.93,Two,YES
Dark Lover (Black Dagger Brotherhood #1),£12.87,One,YES
Confessions of a Shopaholic (Shopaholic #1),£48.94,Two,YES
Changing the Game (Play by Play #2),£13.38,Three,YES
Candide,£58.63,Three,YES
Can You Keep a Secret?,£21.94,One,YES
Atlas Shrugged,£26.58,Five,YES
Animal Farm,£57.22,Three,YES
A Walk to Remember,£56.43,One,YES
A New Earth: Awakening to Your Life's Purpose,£55.65,Five,YES
"A History of God: The 4,000-Year Quest of Judaism, Christianity, and Islam",£27.62,One,YES
'Salem's Lot,£49.56,Four,YES
Zero History (Blue Ant #3),£34.77,One,YES
Wuthering Heights,£17.73,Three,YES
World War Z: An Oral History of the Zombie War,£21.80,One,YES
Wild: From Lost to Found on the Pacific Crest Trail,£46.02,Three,YES
"Where'd You Go, Bernadette",£18.13,One,YES
When You Are Engulfed in Flames,£30.89,Five,YES
We the People: The Modern-Day Figures Who Have Reshaped and Affirmed the Founding Fathers' Vision of America,£31.95,Three,YES
We Are All Completely Beside Ourselves,£24.04,One,YES
Walk the Edge (Thunder Road #2),£32.36,Three,YES
Voyager (Outlander #3),£21.07,Five,YES
Very Good Lives: The Fringe Benefits of Failure and the Importance of Imagination,£50.66,Three,YES
Vegan Vegetarian Omnivore: Dinner for Everyone at the Table,£13.66,Two,YES
"Unstuffed: Decluttering Your Home, Mind, and Soul",£58.09,One,YES
Under the Banner of Heaven: A Story of Violent Faith,£30.00,One,YES
Two Boys Kissing,£32.74,Two,YES
Twilight (Twilight #1),£41.93,Two,YES
Twenties Girl,£42.80,Two,YES
"Trespassing Across America: One Man's Epic, Never-Done-Before (and Sort of Illegal) Hike Across the Heartland",£53.51,One,YES
Three-Martini Lunch,£23.21,Three,YES
"Thinking, Fast and Slow",£21.14,One,YES
The Wild Robot,£56.07,Three,YES
"The Wicked + The Divine, Vol. 3: Commercial Suicide (The Wicked + The Divine)",£14.41,Three,YES
The Undomestic Goddess,£45.75,Four,YES
The Travelers,£15.77,One,YES
The Tipping Point: How Little Things Can Make a Big Difference,£10.02,Two,YES
The Thing About Jellyfish,£48.77,One,YES
The Stand,£57.86,Two,YES
The Smitten Kitchen Cookbook,£23.59,One,YES
The Silkworm (Cormoran Strike #2),£23.05,Five,YES
"The Sandman, Vol. 3: Dream Country (The Sandman (volumes) #3)",£55.55,Five,YES
The Rose & the Dagger (The Wrath and the Dawn #2),£58.64,Four,YES
The Road to Little Dribbling: Adventures of an American in Britain (Notes From a Small Island #2),£23.21,One,YES
The Rise of Theodore Roosevelt (Theodore Roosevelt #1),£42.57,Three,YES
The Restaurant at the End of the Universe (Hitchhiker's Guide to the Galaxy #2),£10.92,One,YES
The Rest Is Noise: Listening to the Twentieth Century,£34.77,One,YES
The Red Tent,£35.66,Five,YES
The Purpose Driven Life: What on Earth Am I Here for?,£37.19,Three,YES
The Purest Hook (Second Circle Tattoos #3),£12.25,One,YES
The Picture of Dorian Gray,£29.70,Two,YES
The Paris Wife,£36.80,Three,YES
The Obsession,£45.43,One,YES
The Nightingale,£26.26,Four,YES
The New Guy (and Other Senior Year Distractions),£44.92,Three,YES
The Nanny Diaries (Nanny #1),£52.53,Five,YES
The Name of God is Mercy,£37.25,Two,YES
The Maze Runner (The Maze Runner #1),£20.93,One,YES
The Lover's Dictionary,£58.09,Two,YES
The Lonely Ones,£43.59,Five,YES
The Lean Startup: How Today's Entrepreneurs Use Continuous Innovation to Create Radically Successful Businesses,£33.92,Three,YES
The Last Painting of Sara de Vos,£55.55,Two,YES
"The Land of 10,000 Madonnas",£29.64,Four,YES
The Infinities,£27.41,One,YES
The Husband's Secret,£52.51,Five,YES
The Hitchhiker's Guide to the Galaxy (Hitchhiker's Guide to the Galaxy #1),£47.80,Three,YES
The Guns of August,£14.54,Two,YES
The Guernsey Literary and Potato Peel Pie Society,£49.53,One,YES
The Goldfinch,£43.58,Three,YES
The Giver (The Giver Quartet #1),£12.30,One,YES
The Girl with All the Gifts,£49.47,Three,YES
The Girl Who Played with Fire (Millennium Trilogy #2),£22.14,Two,YES
The Girl Who Kicked the Hornet's Nest (Millennium Trilogy #3),£57.48,One,YES
The Exiled,£43.45,Three,YES
"The End of Faith: Religion, Terror, and the Future of Reason",£22.13,Four,YES
"The Elegant Universe: Superstrings, Hidden Dimensions, and the Quest for the Ultimate Theory",£13.03,Four,YES
"The Disappearing Spoon: And Other True Tales of Madness, Love, and the History of the World from the Periodic Table of the Elements",£57.35,Five,YES
The Devil Wears Prada (The Devil Wears Prada #1),£44.29,One,YES
The Demon-Haunted World: Science as a Candle in the Dark,£52.25,Four,YES
The Day the Crayons Came Home (Crayons),£26.33,Five,YES
The Da Vinci Code (Robert Langdon #2),£22.96,Two,YES
The Cuckoo's Calling (Cormoran Strike #1),£19.21,One,YES
The Complete Stories and Poems (The Works of Edgar Allan Poe [Cameo Edition]),£26.78,Four,YES
The Complete Poems,£41.32,Five,YES
The Catcher in the Rye,£24.55,One,YES
The Cat in the Hat (Beginner Books B-1),£16.26,Two,YES
The Case for Christ (Cases for Christianity),£47.84,One,YES
The Book Thief,£53.49,Two,YES
The Book of Basketball: The NBA According to The Sports Guy,£44.84,Five,YES
The Blind Side: Evolution of a Game,£53.71,Five,YES
The Autobiography of Malcolm X,£23.43,Two,YES
"The Art of Simple Food: Notes, Lessons, and Recipes from a Delicious Revolution",£34.32,Three,YES
The Art of Fielding,£22.10,One,YES
"Surely You're Joking, Mr. Feynman!: Adventures of a Curious Character",£25.83,Two,YES
Stiff: The Curious Lives of Human Cadavers,£36.74,Three,YES
Spilled Milk: Based on a True Story,£49.51,One,YES
Something Borrowed (Darcy & Rachel #1),£48.96,Five,YES
Something Blue (Darcy & Rachel #2),£54.62,One,YES
Soldier (Talon #3),£24.72,Two,YES
Shopaholic & Baby (Shopaholic #5),£46.45,Two,YES
Seven Days in the Art World,£52.33,Two,YES
Seven Brief Lessons on Physics,£30.60,Four,YES
Scarlet (The Lunar Chronicles #2),£14.57,Four,YES
Sarah's Key,£46.29,One,YES
"Saga, Volume 3 (Saga (Collected Editions) #3)",£21.57,Five,YES
Running with Scissors,£12.91,Four,YES
Rogue Lawyer (Rogue Lawyer #1),£50.11,Three,YES
"Rise of the Rocket Girls: The Women Who Propelled Us, from Missiles to the Moon to Mars",£41.67,Four,YES
Rework,£44.88,Two,YES
Reservations for Two,£11.10,Three,YES
Red: The True Story of Red Riding Hood,£28.54,Three,YES
Ready Player One,£19.07,Four,YES
Quiet: The Power of Introverts in a World That Can't Stop Talking,£43.55,One,YES
Prodigy: The Graphic Novel (Legend: The Graphic Novel #2),£43.63,Three,YES
Persepolis: The Story of a Childhood (Persepolis #1-2),£39.13,One,YES
Packing for Mars: The Curious Science of Life in the Void,£56.68,Two,YES
Outliers: The Story of Success,£14.16,One,YES
Original Fake,£31.45,Three,YES
Orange Is the New Black,£24.61,Two,YES
One for the Money (Stephanie Plum #1),£32.87,Two,YES
Notes from a Small Island (Notes From a Small Island #1),£40.17,One,YES
Night (The Night Trilogy #1),£13.51,One,YES
Neither Here nor There: Travels in Europe,£38.95,Three,YES
Naked,£31.69,Three,YES
Morning Star (Red Rising #3),£29.40,One,YES
"Miracles from Heaven: A Little Girl, Her Journey to Heaven, and Her Amazing Story of Healing",£57.83,One,YES
Midnight Riot (Peter Grant/ Rivers of London - books #1),£55.46,Two,YES
Me Talk Pretty One Day,£57.60,Two,YES
Manuscript Found in Accra,£34.98,Two,YES
Lust & Wonder,£11.87,Two,YES
Lila (Gilead #3),£12.47,Three,YES
"Life, the Universe and Everything (Hitchhiker's Guide to the Galaxy #3)",£33.26,Two,YES
Life Without a Recipe,£59.04,Five,YES
Life After Life,£26.13,Two,YES
Letter to a Christian Nation,£22.20,One,YES
Let's Pretend This Never Happened: A Mostly True Memoir,£45.11,One,YES
Legend (Legend #1),£43.69,Four,YES
"Lean In: Women, Work, and the Will to Lead",£25.02,One,YES
"Lamb: The Gospel According to Biff, Christ's Childhood Pal",£55.50,Five,YES
Lady Renegades (Rebel Belle #3),£53.04,Five,YES
Jurassic Park (Jurassic Park #1),£44.97,One,YES
It's Never Too Late to Begin Again: Discovering Creativity and Meaning at Midlife and Beyond,£42.38,One,YES
Is Everyone Hanging Out Without Me? (And Other Concerns),£20.11,Three,YES
Into the Wild,£56.70,Five,YES
Inferno (Robert Langdon #4),£41.00,Five,YES
"In the Garden of Beasts: Love, Terror, and an American Family in Hitler's Berlin",£28.85,Three,YES
If I Run (If I Run #1),£49.97,Four,YES
I've Got Your Number,£19.69,One,YES
I Am Malala: The Girl Who Stood Up for Education and Was Shot by the Taliban,£28.88,Two,YES
Hungry Girl Clean & Hungry: Easy All-Natural Recipes for Healthy Eating in the Real World,£33.14,Three,YES
"House of Lost Worlds: Dinosaurs, Dynasties, and the Story of Life on Earth",£43.70,Two,YES
House of Leaves,£54.89,One,YES
Horrible Bear!,£37.52,Two,YES
Holidays on Ice,£51.07,Two,YES
Heir to the Sky,£44.07,Four,YES
Green Eggs and Ham (Beginner Books B-16),£10.79,Four,YES
"Grayson, Vol 3: Nemesis (Grayson #3)",£42.72,One,YES
Gratitude,£26.66,Five,YES
Gone Girl,£37.60,Five,YES
Golden (Heart of Dread #3),£42.21,Four,YES
Girl in the Blue Coat,£46.83,Two,YES
"Fruits Basket, Vol. 3 (Fruits Basket #3)",£45.17,Two,YES
"Friday Night Lights: A Town, a Team, and a Dream",£51.22,Three,YES
Fire Bound (Sea Haven/Sisters of the Heart #5),£21.28,Four,YES
Fifty Shades Freed (Fifty Shades #3),£15.36,Five,YES
Fellside,£38.62,One,YES
Extreme Prey (Lucas Davenport #26),£25.40,Three,YES
Eragon (The Inheritance Cycle #1),£43.87,Three,YES
Eclipse (Twilight #3),£18.74,One,YES
Dune (Dune #1),£54.86,One,YES
Dracula,£52.62,Three,YES
Do Androids Dream of Electric Sheep? (Blade Runner #1),£51.48,One,YES
Disrupted: My Misadventure in the Start-Up Bubble,£15.28,Five,YES
Dead Wake: The Last Crossing of the Lusitania,£39.24,Five,YES
"David and Goliath: Underdogs, Misfits, and the Art of Battling Giants",£17.81,One,YES
Darkfever (Fever #1),£56.02,One,YES
Dark Places,£23.90,Five,YES
Crazy Rich Asians (Crazy Rich Asians #1),£49.13,Five,YES
Counting Thyme,£10.62,One,YES
Cosmos,£36.17,Two,YES
Civilization and Its Discontents,£59.95,Two,YES
Cinder (The Lunar Chronicles #1),£26.09,One,YES
Catastrophic Happiness: Finding Joy in Childhood's Messy Years,£37.35,Two,YES
Career of Evil (Cormoran Strike #3),£24.72,Two,YES
Breaking Dawn (Twilight #4),£35.28,Five,YES
Brave Enough,£51.32,Five,YES
Boy Meets Boy,£21.12,Three,YES
"Born to Run: A Hidden Tribe, Superathletes, and the Greatest Race the World Has Never Seen",£27.35,Two,YES
Blink: The Power of Thinking Without Thinking,£21.74,Five,YES
Black Flags: The Rise of ISIS,£40.87,One,YES
"Black Butler, Vol. 1 (Black Butler #1)",£49.31,One,YES
Big Little Lies,£22.11,One,YES
Between Shades of Gray,£20.79,Five,YES
Best of My Love (Fool's Gold #20),£27.41,Two,YES
Beowulf,£38.35,Two,YES
Beautiful Creatures (Caster Chronicles #1),£21.55,Five,YES
Awkward,£38.02,Two,YES
Ash,£22.06,Four,YES
Are We There Yet?,£10.66,Three,YES
Are We Smart Enough to Know How Smart Animals Are?,£56.58,One,YES
Annie on My Mind,£36.83,Five,YES
And Then There Were None,£35.01,Two,YES
A Walk in the Woods: Rediscovering America on the Appalachian Trail,£30.48,Four,YES
A Visit from the Goon Squad,£14.08,Five,YES
A Storm of Swords (A Song of Ice and Fire #3),£31.22,Two,YES
A Heartbreaking Work of Staggering Genius,£54.29,Five,YES
8 Keys to Mental Health Through Exercise,£31.04,One,YES
#GIRLBOSS,£50.96,One,YES
"The Suffragettes (Little Black Classics, #96)",£11.89,Two,YES
The Sense of an Ending,£31.38,Three,YES
"The Sandman, Vol. 2: The Doll's House (The Sandman (volumes) #2)",£54.81,One,YES
The Course of Love,£16.78,Three,YES
Sugar Rush (Offensive Line #2),£24.42,One,YES
"Saga, Volume 2 (Saga (Collected Editions) #2)",£11.75,Three,YES
"Run, Spot, Run: The Ethics of Keeping Pets",£20.02,One,YES
New Moon (Twilight #2),£12.86,Four,YES
Life,£31.58,Five,YES
Kindle Paperwhite User's Guide,£34.00,Three,YES
H is for Hawk,£57.42,Five,YES
Girl Online On Tour (Girl Online #2),£53.47,One,YES
"Fruits Basket, Vol. 2 (Fruits Basket #2)",£11.64,Five,YES
Diary of a Minecraft Zombie Book 1: A Scare of a Dare (An Unofficial Minecraft Book),£52.88,Four,YES
"Y: The Last Man, Vol. 1: Unmanned (Y: The Last Man #1)",£18.51,Four,YES
While You Were Mine,£41.32,Five,YES
Where Lightning Strikes (Bleeding Stars #3),£39.77,Three,YES
When I'm Gone,£51.96,Three,YES
Ways of Seeing,£39.51,Five,YES
"Vampire Knight, Vol. 1 (Vampire Knight #1)",£15.40,One,YES
Vampire Girl (Vampire Girl #1),£53.82,Two,YES
Twenty Love Poems and a Song of Despair,£30.95,Four,YES
Travels with Charley: In Search of America,£57.82,Five,YES
Three Wishes (River of Time: California #1),£44.18,Two,YES
This One Moment (Pushing Limits #1),£48.71,One,YES
The Zombie Room,£19.69,Five,YES
"The Wicked + The Divine, Vol. 1: The Faust Act (The Wicked + The Divine)",£36.52,Two,YES
The Tumor,£41.56,Five,YES
The Story of Hong Gildong,£43.19,Four,YES
The Silent Wife,£12.34,Five,YES
The Silent Twin (Detective Jennifer Knight #3),£36.25,Three,YES
The Selfish Gene,£29.45,One,YES
The Secret Healer,£34.56,Three,YES
"The Sandman, Vol. 1: Preludes and Nocturnes (The Sandman (volumes) #1)",£54.12,Three,YES
The Republic,£33.78,Three,YES
The Odyssey,£29.64,Three,YES
The No. 1 Ladies' Detective Agency (No. 1 Ladies' Detective Agency #1),£57.70,Four,YES
The Nicomachean Ethics,£36.34,One,YES
The Name of the Wind (The Kingkiller Chronicle #1),£50.59,Three,YES
The Mirror & the Maze (The Wrath and the Dawn #1.5),£29.38,One,YES
The Little Prince,£45.42,Two,YES
The Light of the Fireflies,£54.43,One,YES
The Last Girl (The Dominion Trilogy #1),£36.26,Two,YES
The Iliad,£16.16,One,YES
The Hook Up (Game On #1),£36.29,Five,YES
The Haters,£27.89,Five,YES
The Girl You Lost,£12.29,Five,YES
The Girl In The Ice (DCI Erika Foster #1),£15.85,Three,YES
The End of the Jesus Era (An Investigation #1),£14.40,One,YES
The Edge of Reason (Bridget Jones #2),£19.18,Four,YES
The Complete Maus (Maus #1-2),£10.64,Three,YES
The Communist Manifesto,£14.76,Three,YES
The Bhagavad Gita,£57.49,Three,YES
The Bette Davis Club,£30.66,Three,YES
The Art of Not Breathing,£40.83,Four,YES
Taking Shots (Assassins #1),£18.88,Two,YES
Starlark,£25.83,Three,YES
"Skip Beat!, Vol. 01 (Skip Beat! #1)",£42.12,Three,YES
Sister Sable (The Mad Queen #1),£13.33,Three,YES
Shatter Me (Shatter Me #1),£42.40,One,YES
Shameless,£58.35,Three,YES
Shadow Rites (Jane Yellowrock #10),£21.72,Four,YES
Settling the Score (The Summer Games #1),£44.91,Two,YES
Sense and Sensibility,£37.46,One,YES
"Saga, Volume 1 (Saga (Collected Editions) #1)",£28.48,One,YES
"Rhythm, Chord & Malykhin",£28.34,Two,YES
"Rat Queens, Vol. 1: Sass & Sorcery (Rat Queens (Collected Editions) #1-5)",£46.96,Five,YES
Paradise Lost (Paradise #1),£24.96,One,YES
"Paper Girls, Vol. 1 (Paper Girls #1-5)",£21.71,Four,YES
"Ouran High School Host Club, Vol. 1 (Ouran High School Host Club #1)",£29.87,Three,YES
Origins (Alphas 0.5),£28.99,One,YES
One Second (Seven #7),£52.94,Two,YES
On the Road (Duluoz Legend),£32.36,Three,YES
Old Records Never Die: One Man's Quest for His Vinyl and His Past,£55.66,Two,YES
Off Sides (Off #1),£39.45,Five,YES
Of Mice and Men,£47.11,Two,YES
Myriad (Prentor #1),£58.75,Four,YES
My Perfect Mistake (Over the Top #1),£38.92,Two,YES
"Ms. Marvel, Vol. 1: No Normal (Ms. Marvel (2014-2015) #1)",£39.39,Four,YES
Meditations,£25.89,Two,YES
Matilda,£28.34,One,YES
Lost Among the Living,£27.70,Four,YES
Lord of the Flies,£24.89,Three,YES
Listen to Me (Fusion #1),£58.99,Three,YES
Kitchens of the Great Midwest,£57.20,Five,YES
Jane Eyre,£38.43,Five,YES
Imperfect Harmony,£34.74,Four,YES
Icing (Aces Hockey #2),£40.44,Four,YES
"Hawkeye, Vol. 1: My Life as a Weapon (Hawkeye #1)",£45.24,Three,YES
Having the Barbarian's Baby (Ice Planet Barbarians #7.5),£34.96,Four,YES
"Giant Days, Vol. 1 (Giant Days #1-4)",£56.76,Four,YES
"Fruits Basket, Vol. 1 (Fruits Basket #1)",£40.28,Five,YES
Frankenstein,£38.00,Two,YES
Forever Rockers (The Rocker #12),£28.80,Three,YES
Fighting Fate (Fighting #6),£39.24,Three,YES
Emma,£32.93,Two,YES
"Eat, Pray, Love",£51.32,Three,YES
Deep Under (Walker Security #1),£47.09,Five,YES
Choosing Our Religion: The Spiritual Lives of America's Nones,£28.42,Four,YES
Charlie and the Chocolate Factory (Charlie Bucket #1),£22.85,Three,YES
Charity's Cross (Charles Towne Belles #4),£41.24,One,YES
Bright Lines,£39.07,Five,YES
Bridget Jones's Diary (Bridget Jones #1),£29.82,One,YES
Bounty (Colorado Mountain #7),£37.26,Four,YES
Blood Defense (Samantha Brinkman #1),£20.30,Three,YES
"Bleach, Vol. 1: Strawberry and the Soul Reapers (Bleach #1)",£34.65,Five,YES
Beyond Good and Evil,£43.38,One,YES
Alice in Wonderland (Alice's Adventures in Wonderland #1),£55.53,One,YES
"Ajin: Demi-Human, Volume 1 (Ajin: Demi-Human #1)",£57.06,Four,YES
A Spy's Devotion (The Regency Spies of London #1),£16.97,Five,YES
1st to Die (Women's Murder Club #1),£53.98,One,YES
"1,000 Places to See Before You Die",£26.08,Five,YES
